ï»¿,Survived,Pclass,Sex,Age,SibSp,Parch,Fare,Embarked_0,Embarked_1,Embarked_2
0,0,3,1,22.0,1,0,7.25,0,1,0
1,1,1,0,38.0,1,0,71.2833,0,0,0
2,1,3,0,26.0,0,0,7.925,0,1,0
3,1,1,0,35.0,1,0,53.1,0,1,0
4,0,3,1,35.0,0,0,8.05,0,1,0
5,0,3,1,56.320362518654086,0,0,8.4583,1,0,0
6,0,1,1,54.0,0,0,51.8625,0,1,0
7,0,3,1,2.0,3,1,21.075,0,1,0
8,1,3,0,27.0,0,2,11.1333,0,1,0
9,1,2,0,14.0,1,0,30.0708,0,0,0
10,1,3,0,4.0,1,1,16.7,0,1,0
11,1,1,0,58.0,0,0,26.55,0,1,0
12,0,3,1,20.0,0,0,8.05,0,1,0
13,0,3,1,39.0,1,5,31.275,0,1,0
14,0,3,0,14.0,0,0,7.8542,0,1,0
15,1,2,0,55.0,0,0,16.0,0,1,0
16,0,3,1,2.0,4,1,29.125,1,0,0
17,1,2,1,1.5441611200054697,0,0,13.0,0,1,0
18,0,3,0,31.0,1,0,18.0,0,1,0
19,1,3,0,37.21262760883999,0,0,7.225,0,0,0
20,0,2,1,35.0,0,0,26.0,0,1,0
21,1,2,1,34.0,0,0,13.0,0,1,0
22,1,3,0,15.0,0,0,8.0292,1,0,0
23,1,1,1,28.0,0,0,35.5,0,1,0
24,0,3,0,8.0,3,1,21.075,0,1,0
25,1,3,0,38.0,1,5,31.3875,0,1,0
26,0,3,1,36.90676411530201,0,0,7.225,0,0,0
27,0,1,1,19.0,3,2,263.0,0,1,0
28,1,3,0,15.290449953861089,0,0,7.8792,1,0,0
29,0,3,1,24.615559302543872,0,0,7.8958,0,1,0
30,0,1,1,40.0,0,0,27.7208,0,0,0
31,1,1,0,60.28121737188806,1,0,146.5208,0,0,0
32,0,1,1,28.0,1,0,82.1708,0,0,0
33,0,1,1,42.0,1,0,52.0,0,1,0
34,1,3,1,36.15710087953674,0,0,7.2292,0,0,0
35,0,3,1,21.0,0,0,8.05,0,1,0
36,0,3,0,18.0,2,0,18.0,0,1,0
37,1,3,0,14.0,1,0,11.2417,0,0,0
38,0,3,0,40.0,1,0,9.475,0,1,0
39,0,2,0,27.0,1,0,21.0,0,1,0
40,0,3,1,8.171727881430206,0,0,7.8958,0,0,0
41,1,2,0,3.0,1,2,41.5792,0,0,0
42,1,3,0,19.0,0,0,7.8792,1,0,0
43,0,3,1,31.693828612200967,0,0,8.05,0,1,0
44,0,3,1,37.001835958398026,1,0,15.5,1,0,0
45,1,3,0,35.29958482255255,0,0,7.75,1,0,0
46,0,3,1,28.840451908432755,2,0,21.6792,0,0,0
47,0,3,0,18.0,1,0,17.8,0,1,0
48,0,3,1,7.0,4,1,39.6875,0,1,0
49,0,3,1,21.0,0,0,7.8,0,1,0
50,1,1,0,49.0,1,0,76.7292,0,0,0
51,1,2,0,29.0,1,0,26.0,0,1,0
52,0,1,1,65.0,0,1,61.9792,0,0,0
53,1,1,1,49.16967515437792,0,0,35.5,0,1,0
54,1,2,0,21.0,0,0,10.5,0,1,0
55,0,3,1,28.5,0,0,7.2292,0,0,0
56,1,2,0,5.0,1,2,27.75,0,1,0
57,0,3,1,11.0,5,2,46.9,0,1,0
58,0,3,1,22.0,0,0,7.2292,0,0,0
59,1,1,0,38.0,0,0,80.0,0,0,1
60,0,1,1,45.0,1,0,83.475,0,1,0
61,0,3,1,4.0,3,2,27.9,0,1,0
62,0,1,1,-6.57126306424507,0,0,27.7208,0,0,0
63,1,3,1,19.13024409140645,1,1,15.2458,0,0,0
64,1,2,0,29.0,0,0,10.5,0,1,0
65,0,3,1,19.0,0,0,8.1583,0,1,0
66,1,3,0,17.0,4,2,7.925,0,1,0
67,0,3,1,26.0,2,0,8.6625,0,1,0
68,0,2,1,32.0,0,0,10.5,0,1,0
69,0,3,0,16.0,5,2,46.9,0,1,0
70,0,2,1,21.0,0,0,73.5,0,1,0
71,0,3,1,26.0,1,0,14.4542,0,0,0
72,1,3,1,32.0,0,0,56.4958,0,1,0
73,0,3,1,25.0,0,0,7.65,0,1,0
74,0,3,1,9.580879869101928,0,0,7.8958,0,1,0
75,1,2,1,0.83,0,2,29.0,0,1,0
76,1,3,0,30.0,0,0,12.475,0,1,0
77,0,3,1,22.0,0,0,9.0,0,1,0
78,1,3,1,29.0,0,0,9.5,0,1,0
79,1,3,0,33.563041627904454,0,0,7.7875,1,0,0
80,0,1,1,28.0,0,0,47.1,0,1,0
81,1,2,0,17.0,0,0,10.5,0,1,0
82,1,3,0,33.0,3,0,15.85,0,1,0
83,0,3,1,16.0,1,3,34.375,0,1,0
84,0,3,1,15.223940898792518,0,0,8.05,0,1,0
85,1,1,0,23.0,3,2,263.0,0,1,0
86,0,3,1,24.0,0,0,8.05,0,1,0
87,0,3,1,29.0,0,0,8.05,0,1,0
88,0,3,1,20.0,0,0,7.8542,0,1,0
89,0,1,1,46.0,1,0,61.175,0,1,0
90,0,3,1,26.0,1,2,20.575,0,1,0
91,0,3,1,59.0,0,0,7.25,0,1,0
92,1,1,1,23.0,0,1,63.3583,0,0,0
93,1,2,0,34.0,0,1,23.0,0,1,0
94,0,2,1,34.0,1,0,26.0,0,1,0
95,0,3,0,28.0,0,0,7.8958,0,1,0
96,0,3,1,20.92195399688156,0,0,7.8958,0,1,0
97,0,1,1,21.0,0,1,77.2875,0,1,0
98,0,3,1,33.0,0,0,8.6542,0,1,0
99,0,3,1,37.0,2,0,7.925,0,1,0
100,0,3,1,28.0,0,0,7.8958,0,1,0
101,1,3,0,21.0,0,0,7.65,0,1,0
102,1,3,1,25.77363467243306,0,0,7.775,0,1,0
103,0,3,1,38.0,0,0,7.8958,0,1,0
104,1,3,0,52.13132617299354,1,0,24.15,1,0,0
105,0,1,1,47.0,0,0,52.0,0,1,0
106,0,3,0,14.5,1,0,14.4542,0,0,0
107,0,3,1,22.0,0,0,8.05,0,1,0
108,0,3,0,20.0,1,0,9.825,0,1,0
109,0,3,0,17.0,0,0,14.4583,0,0,0
110,0,3,1,21.0,0,0,7.925,0,1,0
111,0,2,1,29.0,1,0,21.0,0,1,0
112,0,1,1,24.0,0,1,247.5208,0,0,0
113,0,3,0,2.0,4,2,31.275,0,1,0
114,0,2,1,21.0,2,0,73.5,0,1,0
115,0,3,1,32.75266552545955,0,0,8.05,0,1,0
116,0,2,1,32.5,1,0,30.0708,0,0,0
117,1,2,0,32.5,0,0,13.0,0,1,0
118,0,1,1,54.0,0,1,77.2875,0,1,0
119,1,3,1,12.0,1,0,11.2417,0,0,0
120,0,3,1,5.108036563918585,0,0,7.75,1,0,0
121,1,3,1,24.0,0,0,7.1417,0,1,0
122,1,3,0,39.82958152721551,1,1,22.3583,0,0,0
123,0,3,1,45.0,0,0,6.975,0,1,0
124,0,3,1,33.0,0,0,7.8958,0,0,0
125,0,3,1,20.0,0,0,7.05,0,1,0
126,0,3,0,47.0,1,0,14.5,0,1,0
127,1,2,0,29.0,1,0,26.0,0,1,0
128,0,2,1,25.0,0,0,13.0,0,1,0
129,0,2,1,23.0,0,0,15.0458,0,0,0
130,1,1,0,19.0,0,2,26.2833,0,1,0
131,0,1,1,37.0,1,0,53.1,0,1,0
132,0,3,1,16.0,0,0,9.2167,0,1,0
133,0,1,1,24.0,0,0,79.2,0,0,0
134,0,3,0,25.016243205877263,0,2,15.2458,0,0,0
135,1,3,0,22.0,0,0,7.75,0,1,0
136,1,3,0,24.0,1,0,15.85,0,1,0
137,0,3,1,19.0,0,0,6.75,1,0,0
138,0,2,1,18.0,0,0,11.5,0,1,0
139,0,2,1,19.0,1,1,36.75,0,1,0
140,1,3,1,27.0,0,0,7.7958,0,1,0
141,0,3,0,9.0,2,2,34.375,0,1,0
142,0,2,1,36.5,0,2,26.0,0,1,0
143,0,2,1,42.0,0,0,13.0,0,1,0
144,0,2,1,51.0,0,0,12.525,0,1,0
145,1,1,0,22.0,1,0,66.6,0,1,0
146,0,3,1,55.5,0,0,8.05,0,1,0
147,0,3,1,40.5,0,2,14.5,0,1,0
148,0,3,1,49.07971490471042,0,0,7.3125,0,1,0
149,0,1,1,51.0,0,1,61.3792,0,0,0
150,1,3,0,16.0,0,0,7.7333,1,0,0
151,0,3,1,30.0,0,0,8.05,0,1,0
152,0,3,1,42.84644513550845,0,0,8.6625,0,1,0
153,0,3,1,44.82884917112789,8,2,69.55,0,1,0
154,0,3,1,44.0,0,1,16.1,0,1,0
155,1,2,0,40.0,0,0,15.75,0,1,0
156,0,3,1,26.0,0,0,7.775,0,1,0
157,0,3,1,17.0,0,0,8.6625,0,1,0
158,0,3,1,1.0,4,1,39.6875,0,1,0
159,1,3,1,9.0,0,2,20.525,0,1,0
160,1,1,0,31.44112656770661,0,1,55.0,0,1,0
161,0,3,0,45.0,1,4,27.9,0,1,0
162,0,1,1,28.980416547608552,0,0,25.925,0,1,0
163,0,3,1,28.0,0,0,56.4958,0,1,0
164,0,1,1,61.0,0,0,33.5,0,1,0
165,0,3,1,4.0,4,1,29.125,1,0,0
166,1,3,0,1.0,1,1,11.1333,0,1,0
167,0,3,1,21.0,0,0,7.925,0,1,0
168,0,1,1,56.0,0,0,30.6958,0,0,0
169,0,3,1,18.0,1,1,7.8542,0,1,0
170,0,3,1,29.141482094535256,3,1,25.4667,0,1,0
171,0,1,0,50.0,0,0,28.7125,0,0,0
172,0,2,1,30.0,0,0,13.0,0,1,0
173,0,3,1,36.0,0,0,0.0,0,1,0
174,0,3,0,34.925228264480026,8,2,69.55,0,1,0
175,0,2,1,21.438729792004164,0,0,15.05,0,0,0
176,0,3,1,9.0,4,2,31.3875,0,1,0
177,1,2,1,1.0,2,1,39.0,0,1,0
178,1,3,0,4.0,0,2,22.025,0,1,0
179,0,1,1,17.197705612665942,0,0,50.0,0,1,0
180,1,3,0,37.13353462259513,1,0,15.5,1,0,0
181,1,1,1,45.0,0,0,26.55,0,1,0
182,0,3,1,40.0,1,1,15.5,1,0,0
183,0,3,1,36.0,0,0,7.8958,0,1,0
184,1,2,0,32.0,0,0,13.0,0,1,0
185,0,2,1,19.0,0,0,13.0,0,1,0
186,1,3,0,19.0,1,0,7.8542,0,1,0
187,1,2,1,3.0,1,1,26.0,0,1,0
188,1,1,0,44.0,0,0,27.7208,0,0,0
189,1,1,0,58.0,0,0,146.5208,0,0,0
190,0,3,1,53.60444535513416,0,0,7.75,1,0,0
191,0,3,1,42.0,0,1,8.4042,0,1,0
192,1,3,0,30.02699705540246,0,0,7.75,1,0,0
193,0,2,0,24.0,0,0,13.0,0,1,0
194,0,3,1,28.0,0,0,9.5,0,1,0
195,0,3,1,28.625563180696048,8,2,69.55,0,1,0
196,0,3,1,34.0,0,0,6.4958,0,1,0
197,0,3,1,45.5,0,0,7.225,0,0,0
198,1,3,1,18.0,0,0,8.05,0,1,0
199,0,3,0,2.0,0,1,10.4625,0,1,0
200,0,3,1,32.0,1,0,15.85,0,1,0
201,1,3,1,26.0,0,0,18.7875,0,0,0
202,1,3,0,16.0,0,0,7.75,1,0,0
203,1,1,1,40.0,0,0,31.0,0,0,0
204,0,3,1,24.0,0,0,7.05,0,1,0
205,1,2,0,35.0,0,0,21.0,0,1,0
206,0,3,1,22.0,0,0,7.25,0,1,0
207,0,2,1,30.0,0,0,13.0,0,1,0
208,0,3,1,34.29287687724005,1,0,7.75,1,0,0
209,1,1,0,31.0,1,0,113.275,0,0,0
210,1,3,0,27.0,0,0,7.925,0,1,0
211,0,2,1,42.0,1,0,27.0,0,1,0
212,1,1,0,32.0,0,0,76.2917,0,0,0
213,0,2,1,30.0,0,0,10.5,0,1,0
214,1,3,1,16.0,0,0,8.05,0,1,0
215,0,2,1,27.0,0,0,13.0,0,1,0
216,0,3,1,51.0,0,0,8.05,0,1,0
217,0,3,1,52.53278402190407,0,0,7.8958,0,1,0
218,1,1,1,38.0,1,0,90.0,0,1,0
219,0,3,1,22.0,0,0,9.35,0,1,0
220,1,2,1,19.0,0,0,10.5,0,1,0
221,0,3,1,20.5,0,0,7.25,0,1,0
222,0,2,1,18.0,0,0,13.0,0,1,0
223,0,3,0,28.6719752704498,3,1,25.4667,0,1,0
224,1,1,0,35.0,1,0,83.475,0,1,0
225,0,3,1,29.0,0,0,7.775,0,1,0
226,0,2,1,59.0,0,0,13.5,0,1,0
227,1,3,0,5.0,4,2,31.3875,0,1,0
228,0,2,1,24.0,0,0,10.5,0,1,0
229,0,3,0,48.42972624570911,0,0,7.55,0,1,0
230,0,2,1,44.0,1,0,26.0,0,1,0
231,1,2,0,8.0,0,2,26.25,0,1,0
232,0,2,1,19.0,0,0,10.5,0,1,0
233,0,2,1,33.0,0,0,12.275,0,1,0
234,0,3,0,38.39251777720412,1,0,14.4542,0,0,0
235,1,3,0,35.59662120549078,1,0,15.5,1,0,0
236,0,2,1,29.0,0,0,10.5,0,1,0
237,0,3,1,22.0,0,0,7.125,0,1,0
238,0,3,1,30.0,0,0,7.225,0,0,0
239,0,1,1,44.0,2,0,90.0,1,0,0
240,0,3,0,25.0,0,0,7.775,0,1,0
241,1,2,0,24.0,0,2,14.5,0,1,0
242,1,1,1,37.0,1,1,52.5542,0,1,0
243,0,2,1,54.0,1,0,26.0,0,1,0
244,0,3,1,36.301544909416265,0,0,7.25,0,1,0
245,0,3,0,29.0,1,1,10.4625,0,1,0
246,0,1,1,62.0,0,0,26.55,0,1,0
247,0,3,1,30.0,1,0,16.1,0,1,0
248,0,3,0,41.0,0,2,20.2125,0,1,0
249,1,3,0,29.0,0,2,15.2458,0,0,0
250,1,1,0,25.8563182468459,0,0,79.2,0,0,0
251,1,1,0,30.0,0,0,86.5,0,1,0
252,1,1,0,35.0,0,0,512.3292,0,0,0
253,1,2,0,50.0,0,1,26.0,0,1,0
254,0,3,1,18.563714228544107,0,0,7.75,1,0,0
255,1,3,1,3.0,4,2,31.3875,0,1,0
256,0,1,1,52.0,1,1,79.65,0,1,0
257,0,1,1,40.0,0,0,0.0,0,1,0
258,0,3,0,37.99912301636279,0,0,7.75,1,0,0
259,0,2,1,36.0,0,0,10.5,0,1,0
260,0,3,1,16.0,4,1,39.6875,0,1,0
261,1,3,1,25.0,1,0,7.775,0,1,0
262,1,1,0,58.0,0,1,153.4625,0,1,0
263,1,1,0,35.0,0,0,135.6333,0,1,0
264,0,1,1,20.20673974501056,0,0,31.0,0,1,0
265,1,3,1,25.0,0,0,0.0,0,1,0
266,1,2,0,41.0,0,1,19.5,0,1,0
267,0,1,1,37.0,0,1,29.7,0,0,0
268,1,3,0,51.62420575480184,0,0,7.75,1,0,0
269,1,1,0,63.0,1,0,77.9583,0,1,0
270,0,3,0,45.0,0,0,7.75,0,1,0
271,0,2,1,17.173094231751847,0,0,0.0,0,1,0
272,0,3,1,7.0,4,1,29.125,1,0,0
273,1,3,0,35.0,1,1,20.25,0,1,0
274,0,3,1,65.0,0,0,7.75,1,0,0
275,0,3,1,28.0,0,0,7.8542,0,1,0
276,0,3,1,16.0,0,0,9.5,0,1,0
277,1,3,1,19.0,0,0,8.05,0,1,0
278,0,1,1,27.033388671918267,0,0,26.0,0,1,0
279,0,3,1,33.0,0,0,8.6625,0,0,0
280,1,3,1,30.0,0,0,9.5,0,1,0
281,0,3,1,22.0,0,0,7.8958,0,1,0
282,1,2,1,42.0,0,0,13.0,0,1,0
283,1,3,0,22.0,0,0,7.75,1,0,0
284,1,1,0,26.0,0,0,78.85,0,1,0
285,1,1,0,19.0,1,0,91.0792,0,0,0
286,0,2,1,36.0,0,0,12.875,0,0,0
287,0,3,0,24.0,0,0,8.85,0,1,0
288,0,3,1,24.0,0,0,7.8958,0,1,0
289,0,1,1,29.31581257988688,0,0,27.7208,0,0,0
290,0,3,1,23.5,0,0,7.2292,0,0,0
291,0,1,0,2.0,1,2,151.55,0,1,0
292,1,1,1,20.231523874861736,0,0,30.5,0,1,0
293,1,1,0,50.0,0,1,247.5208,0,0,0
294,1,3,0,53.87490486833374,0,0,7.75,1,0,0
295,1,3,1,35.75134949824209,2,0,23.25,1,0,0
296,0,3,1,19.0,0,0,0.0,0,1,0
297,1,2,0,7.515967391986582,0,0,12.35,1,0,0
298,0,3,1,1.3626013579078746,0,0,8.05,0,1,0
299,1,1,1,0.92,1,2,151.55,0,1,0
300,1,1,0,6.251513001968984,0,0,110.8833,0,0,0
301,1,1,0,17.0,1,0,108.9,0,0,0
302,0,2,1,30.0,1,0,24.0,0,0,0
303,1,1,0,30.0,0,0,56.9292,0,0,0
304,1,1,0,24.0,0,0,83.1583,0,0,0
305,1,1,0,18.0,2,2,262.375,0,0,0
306,0,2,0,26.0,1,1,26.0,0,1,0
307,0,3,1,28.0,0,0,7.8958,0,1,0
308,0,2,1,43.0,1,1,26.25,0,1,0
309,1,3,0,26.0,0,0,7.8542,0,1,0
310,1,2,0,24.0,1,0,26.0,0,1,0
311,0,2,1,54.0,0,0,14.0,0,1,0
312,1,1,0,31.0,0,2,164.8667,0,1,0
313,1,1,0,40.0,1,1,134.5,0,0,0
314,0,3,1,22.0,0,0,7.25,0,1,0
315,0,3,1,27.0,0,0,7.8958,0,1,0
316,1,2,0,30.0,0,0,12.35,1,0,0
317,1,2,0,22.0,1,1,29.0,0,1,0
318,0,3,1,20.888056562955114,8,2,69.55,0,1,0
319,1,1,0,36.0,0,0,135.6333,0,0,0
320,0,3,1,61.0,0,0,6.2375,0,1,0
321,1,2,0,36.0,0,0,13.0,0,1,0
322,1,3,0,31.0,1,1,20.525,0,1,0
323,1,1,0,16.0,0,1,57.9792,0,0,0
324,1,3,0,28.37020898248846,2,0,23.25,1,0,0
325,0,1,1,45.5,0,0,28.5,0,1,0
326,0,1,1,38.0,0,1,153.4625,0,1,0
327,0,3,1,16.0,2,0,18.0,0,1,0
328,1,1,0,8.090474488405007,1,0,133.65,0,1,0
329,0,3,1,16.73008598239743,0,0,7.8958,0,1,0
330,0,1,1,29.0,1,0,66.6,0,1,0
331,1,1,0,41.0,0,0,134.5,0,0,0
332,1,3,1,45.0,0,0,8.05,0,1,0
333,0,1,1,45.0,0,0,35.5,0,1,0
334,1,2,1,2.0,1,1,26.0,0,1,0
335,1,1,0,24.0,3,2,263.0,0,1,0
336,0,2,1,28.0,0,0,13.0,0,1,0
337,0,2,1,25.0,0,0,13.0,0,1,0
338,0,2,1,36.0,0,0,13.0,0,1,0
339,1,2,0,24.0,0,0,13.0,0,1,0
340,1,2,0,40.0,0,0,13.0,0,1,0
341,1,3,0,16.41645857661026,1,0,16.1,0,1,0
342,1,3,1,3.0,1,1,15.9,0,1,0
343,0,3,1,42.0,0,0,8.6625,0,1,0
344,0,3,1,23.0,0,0,9.225,0,1,0
345,0,1,1,11.461579734149892,0,0,35.0,0,1,0
346,0,3,1,15.0,1,1,7.2292,0,0,0
347,0,3,1,25.0,1,0,17.8,0,1,0
348,0,3,1,30.338896503233407,0,0,7.225,0,0,0
349,0,3,1,28.0,0,0,9.5,0,1,0
350,1,1,0,22.0,0,1,55.0,0,1,0
351,0,2,0,38.0,0,0,13.0,0,1,0
352,1,3,0,48.68067414859672,0,0,7.8792,1,0,0
353,1,3,0,48.86613697646816,0,0,7.8792,1,0,0
354,0,3,1,40.0,1,4,27.9,0,1,0
355,0,2,1,29.0,1,0,27.7208,0,0,0
356,0,3,0,45.0,0,1,14.4542,0,0,0
357,0,3,1,35.0,0,0,7.05,0,1,0
358,0,3,1,23.45030590406458,1,0,15.5,1,0,0
359,0,3,1,30.0,0,0,7.25,0,1,0
360,1,1,0,60.0,1,0,75.25,0,0,0
361,1,3,0,63.04057049938336,0,0,7.2292,0,0,0
362,1,3,0,37.49358278692996,0,0,7.75,1,0,0
363,1,1,0,24.0,0,0,69.3,0,0,0
364,1,1,1,25.0,1,0,55.4417,0,0,0
365,0,3,1,18.0,1,0,6.4958,0,1,0
366,0,3,1,19.0,0,0,8.05,0,1,0
367,0,1,1,22.0,0,0,135.6333,0,0,0
368,0,3,0,3.0,3,1,21.075,0,1,0
369,1,1,0,6.990089555970625,1,0,82.1708,0,0,0
370,1,3,0,22.0,0,0,7.25,0,1,0
371,0,1,1,27.0,0,2,211.5,0,0,0
372,0,3,1,20.0,0,0,4.0125,0,0,0
373,0,3,1,19.0,0,0,7.775,0,1,0
374,1,1,0,42.0,0,0,227.525,0,0,0
375,1,3,0,1.0,0,2,15.7417,0,0,0
376,0,3,1,32.0,0,0,7.925,0,1,0
377,1,1,0,35.0,1,0,52.0,0,1,0
378,0,3,1,30.67645912634542,0,0,7.8958,0,1,0
379,0,2,1,18.0,0,0,73.5,0,1,0
380,0,3,1,1.0,5,2,46.9,0,1,0
381,1,2,0,36.0,0,0,13.0,0,1,0
382,0,3,1,29.903958815698125,0,0,7.7292,1,0,0
383,1,2,0,17.0,0,0,12.0,0,0,0
384,1,1,1,36.0,1,2,120.0,0,1,0
385,1,3,1,21.0,0,0,7.7958,0,1,0
386,0,3,1,28.0,2,0,7.925,0,1,0
387,1,1,0,23.0,1,0,113.275,0,0,0
388,1,3,0,24.0,0,2,16.7,0,1,0
389,0,3,1,22.0,0,0,7.7958,0,1,0
390,0,3,0,31.0,0,0,7.8542,0,1,0
391,0,2,1,46.0,0,0,26.0,0,1,0
392,0,2,1,23.0,0,0,10.5,0,1,0
393,1,2,0,28.0,0,0,12.65,0,1,0
394,1,3,1,39.0,0,0,7.925,0,1,0
395,0,3,1,26.0,0,0,8.05,0,1,0
396,0,3,0,21.0,1,0,9.825,0,1,0
397,0,3,1,28.0,1,0,15.85,0,1,0
398,0,3,0,20.0,0,0,8.6625,0,1,0
399,0,2,1,34.0,1,0,21.0,0,1,0
400,0,3,1,51.0,0,0,7.75,0,1,0
401,1,2,1,3.0,1,1,18.75,0,1,0
402,0,3,1,21.0,0,0,7.775,0,1,0
403,0,3,0,37.9777414922607,3,1,25.4667,0,1,0
404,0,3,1,38.25694446669194,0,0,7.8958,0,1,0
405,0,3,1,32.90767520777721,0,0,6.8583,1,0,0
406,1,1,0,33.0,1,0,90.0,1,0,0
407,0,2,1,38.5339188433603,0,0,0.0,0,1,0
408,1,3,1,44.0,0,0,7.925,0,1,0
409,0,3,0,43.88881173206102,0,0,8.05,0,1,0
410,1,2,0,34.0,1,1,32.5,0,1,0
411,1,2,0,18.0,0,2,13.0,0,1,0
412,0,2,1,30.0,0,0,13.0,0,1,0
413,0,3,0,10.0,0,2,24.15,0,1,0
414,0,3,1,8.933414710330897,0,0,7.8958,0,0,0
415,0,3,1,21.0,0,0,7.7333,1,0,0
416,0,3,1,29.0,0,0,7.875,0,1,0
417,0,3,0,28.0,1,1,14.4,0,1,0
418,0,3,1,18.0,1,1,20.2125,0,1,0
419,0,3,1,22.949823436117093,0,0,7.25,0,1,0
420,1,2,0,28.0,1,0,26.0,0,1,0
421,1,2,0,19.0,0,0,26.0,0,1,0
422,0,3,1,24.65259671144315,0,0,7.75,1,0,0
423,1,3,1,32.0,0,0,8.05,0,1,0
424,1,1,1,28.0,0,0,26.55,0,1,0
425,1,3,0,40.84885159872267,1,0,16.1,0,1,0
426,1,2,0,42.0,1,0,26.0,0,1,0
427,0,3,1,17.0,0,0,7.125,0,1,0
428,0,1,1,50.0,1,0,55.9,0,1,0
429,1,1,0,14.0,1,2,120.0,0,1,0
430,0,3,0,21.0,2,2,34.375,0,1,0
431,1,2,0,24.0,2,3,18.75,0,1,0
432,0,1,1,64.0,1,4,263.0,0,1,0
433,0,2,1,31.0,0,0,10.5,0,1,0
434,1,2,0,45.0,1,1,26.25,0,1,0
435,0,3,1,20.0,0,0,9.5,0,1,0
436,0,3,1,25.0,1,0,7.775,0,1,0
437,1,2,0,28.0,0,0,13.0,0,1,0
438,1,3,1,15.352336744122486,0,0,8.1125,0,1,0
439,1,1,1,4.0,0,2,81.8583,0,1,0
440,1,2,0,13.0,0,1,19.5,0,1,0
441,1,1,1,34.0,0,0,26.55,0,1,0
442,1,3,0,5.0,2,1,19.2583,0,0,0
443,1,1,1,52.0,0,0,30.5,0,1,0
444,0,2,1,36.0,1,2,27.75,0,1,0
445,0,3,1,23.227018713886512,1,0,19.9667,0,1,0
446,0,1,1,30.0,0,0,27.75,0,0,0
447,1,1,1,49.0,1,0,89.1042,0,0,0
448,0,3,1,35.2599287030363,0,0,8.05,0,1,0
449,1,3,1,29.0,0,0,7.8958,0,0,0
450,0,1,1,65.0,0,0,26.55,0,1,0
451,1,2,0,50.0,0,0,10.5,0,1,0
452,0,3,1,50.03331077463231,0,0,7.75,1,0,0
453,1,1,1,48.0,0,0,26.55,0,1,0
454,0,3,1,34.0,0,0,8.05,0,1,0
455,0,1,1,47.0,0,0,38.5,0,1,0
456,0,2,1,48.0,0,0,13.0,0,1,0
457,0,3,1,40.59375356666242,0,0,8.05,0,1,0
458,0,3,1,38.0,0,0,7.05,0,1,0
459,0,2,1,51.48283122718943,0,0,0.0,0,1,0
460,0,1,1,56.0,0,0,26.55,0,1,0
461,0,3,1,26.50925907020099,0,0,7.725,1,0,0
462,1,3,0,0.75,2,1,19.2583,0,0,0
463,0,3,1,16.46161435160461,0,0,7.25,0,1,0
464,0,3,1,38.0,0,0,8.6625,0,1,0
465,1,2,0,33.0,1,2,27.75,0,1,0
466,1,2,0,23.0,0,0,13.7917,0,0,0
467,0,3,0,22.0,0,0,9.8375,0,1,0
468,0,1,1,29.06131899120341,0,0,52.0,0,1,0
469,0,2,1,34.0,1,0,21.0,0,1,0
470,0,3,1,29.0,1,0,7.0458,0,1,0
471,0,3,1,22.0,0,0,7.5208,0,1,0
472,1,3,0,2.0,0,1,12.2875,0,1,0
473,0,3,1,9.0,5,2,46.9,0,1,0
474,0,2,1,27.580799633325555,0,0,0.0,0,1,0
475,0,3,1,50.0,0,0,8.05,0,1,0
476,1,3,0,63.0,0,0,9.5875,0,1,0
477,1,1,1,25.0,1,0,91.0792,0,0,0
478,0,3,0,15.527888498033722,3,1,25.4667,0,1,0
479,1,1,0,35.0,1,0,90.0,0,1,0
480,0,1,1,58.0,0,0,29.7,0,0,0
481,0,3,1,30.0,0,0,8.05,0,1,0
482,1,3,1,9.0,1,1,15.9,0,1,0
483,0,3,1,5.172151789934167,1,0,19.9667,0,1,0
484,0,3,1,21.0,0,0,7.25,0,1,0
485,0,1,1,55.0,0,0,30.5,0,1,0
486,0,3,1,21.0,0,0,8.05,0,1,0
487,0,3,1,27.23652767677657,0,0,14.4583,0,0,0
488,1,1,0,54.0,1,0,78.2667,0,0,0
489,0,3,1,43.37443042513841,0,0,15.1,0,1,0
490,0,1,0,25.0,1,2,151.55,0,1,0
491,0,3,1,24.0,0,0,7.7958,0,1,0
492,0,3,1,17.0,0,0,8.6625,0,1,0
493,0,3,0,21.0,0,0,7.75,1,0,0
494,0,3,0,34.65955131166905,0,0,7.6292,1,0,0
495,0,3,0,37.0,0,0,9.5875,0,1,0
496,1,1,0,16.0,0,0,86.5,0,1,0
497,0,1,1,18.0,1,0,108.9,0,0,0
498,1,2,0,33.0,0,2,26.0,0,1,0
499,1,1,1,34.08496687461643,0,0,26.55,0,1,0
500,0,3,1,28.0,0,0,22.525,0,1,0
501,1,3,1,26.0,0,0,56.4958,0,1,0
502,1,3,1,29.0,0,0,7.75,1,0,0
503,0,3,1,28.024605448065024,0,0,8.05,0,1,0
504,1,1,1,36.0,0,0,26.2875,0,1,0
505,1,1,0,54.0,1,0,59.4,0,0,0
506,0,3,1,24.0,0,0,7.4958,0,1,0
507,0,1,1,47.0,0,0,34.0208,0,1,0
508,1,2,0,34.0,0,0,10.5,0,1,0
509,0,3,1,31.9720540870204,0,0,24.15,1,0,0
510,1,2,0,36.0,1,0,26.0,0,1,0
511,0,3,1,32.0,0,0,7.8958,0,1,0
512,1,1,0,30.0,0,0,93.5,0,1,0
513,0,3,1,22.0,0,0,7.8958,0,1,0
514,0,3,1,31.25513878562325,0,0,7.225,0,0,0
515,1,1,0,44.0,0,1,57.9792,0,0,0
516,0,3,1,42.19486432836936,0,0,7.2292,0,0,0
517,0,3,1,40.5,0,0,7.75,1,0,0
518,1,2,0,50.0,0,0,10.5,0,1,0
519,0,1,1,49.24081286340558,0,0,221.7792,0,1,0
520,0,3,1,39.0,0,0,7.925,0,1,0
521,0,2,1,23.0,2,1,11.5,0,1,0
522,1,2,0,2.0,1,1,26.0,0,1,0
523,0,3,1,2.633055050017271,0,0,7.2292,0,0,0
524,0,3,1,17.0,1,1,7.2292,0,0,0
525,1,3,0,32.65769418093898,0,2,22.3583,0,0,0
526,0,3,0,30.0,0,0,8.6625,0,1,0
527,1,2,0,7.0,0,2,26.25,0,1,0
528,0,1,1,45.0,0,0,26.55,0,1,0
529,1,1,0,30.0,0,0,106.425,0,0,0
530,0,3,1,17.18020400569817,0,0,14.5,0,1,0
531,1,1,0,22.0,0,2,49.5,0,0,0
532,1,1,0,36.0,0,2,71.0,0,1,0
533,0,3,0,9.0,4,2,31.275,0,1,0
534,0,3,0,11.0,4,2,31.275,0,1,0
535,1,2,1,32.0,1,0,26.0,0,1,0
536,0,1,1,50.0,1,0,106.425,0,0,0
537,0,1,1,64.0,0,0,26.0,0,1,0
538,1,2,0,19.0,1,0,26.0,0,1,0
539,1,2,1,21.51793214044045,0,0,13.8625,0,0,0
540,0,3,1,33.0,1,1,20.525,0,1,0
541,1,2,1,8.0,1,1,36.75,0,1,0
542,1,1,1,17.0,0,2,110.8833,0,0,0
543,0,2,1,27.0,0,0,26.0,0,1,0
544,0,3,1,27.73047892243132,0,0,7.8292,1,0,0
545,1,3,1,22.0,0,0,7.225,0,0,0
546,1,3,0,22.0,0,0,7.775,0,1,0
547,0,1,1,62.0,0,0,26.55,0,1,0
548,1,1,0,48.0,1,0,39.6,0,0,0
549,0,1,1,39.721793485682014,0,0,227.525,0,0,0
550,1,1,0,39.0,1,1,79.65,0,1,0
551,1,3,0,36.0,1,0,17.4,0,1,0
552,0,3,1,39.780838178365286,0,0,7.75,1,0,0
553,0,3,1,40.0,0,0,7.8958,0,1,0
554,0,2,1,28.0,0,0,13.5,0,1,0
555,0,3,1,22.95005729219877,0,0,8.05,0,1,0
556,0,3,0,25.90226913888976,0,0,8.05,0,1,0
557,0,3,1,24.0,2,0,24.15,0,1,0
558,0,3,1,19.0,0,0,7.8958,0,1,0
559,0,3,0,29.0,0,4,21.075,0,1,0
560,0,3,1,26.1030901597683,0,0,7.2292,0,0,0
561,1,3,1,32.0,0,0,7.8542,0,1,0
562,1,2,1,62.0,0,0,10.5,0,1,0
563,1,1,0,53.0,2,0,51.4792,0,1,0
564,1,1,1,36.0,0,0,26.3875,0,1,0
565,1,3,0,22.711804288005048,0,0,7.75,1,0,0
566,0,3,1,16.0,0,0,8.05,0,1,0
567,0,3,1,19.0,0,0,14.5,0,1,0
568,1,2,0,34.0,0,0,13.0,0,1,0
569,1,1,0,39.0,1,0,55.9,0,1,0
570,0,3,0,37.97165851875985,1,0,14.4583,0,0,0
571,1,3,1,32.0,0,0,7.925,0,1,0
572,1,2,0,25.0,1,1,30.0,0,1,0
573,1,1,0,39.0,1,1,110.8833,0,0,0
574,0,2,1,54.0,0,0,26.0,0,1,0
575,0,1,1,36.0,0,0,40.125,0,0,0
576,0,3,1,17.08138757672767,0,0,8.7125,0,0,0
577,1,1,0,18.0,0,2,79.65,0,1,0
578,0,2,1,47.0,0,0,15.0,0,1,0
579,1,1,1,60.0,1,1,79.2,0,0,0
580,0,3,1,22.0,0,0,8.05,0,1,0
581,0,3,1,16.145885703105055,0,0,8.05,0,1,0
582,0,3,1,35.0,0,0,7.125,0,1,0
583,1,1,0,52.0,1,0,78.2667,0,0,0
584,0,3,1,47.0,0,0,7.25,0,1,0
585,0,3,0,40.739367437553554,0,2,7.75,1,0,0
586,0,2,1,37.0,1,0,26.0,0,1,0
587,0,3,1,36.0,1,1,24.15,0,1,0
588,1,2,0,41.14209638864048,0,0,33.0,0,1,0
589,0,3,1,49.0,0,0,0.0,0,1,0
590,0,3,1,55.58030017630928,0,0,7.225,0,0,0
591,1,1,1,49.0,1,0,56.9292,0,0,0
592,1,2,0,24.0,2,1,27.0,0,1,0
593,0,3,1,20.323684855286366,0,0,7.8958,0,1,0
594,0,1,1,38.72675184888786,0,0,42.4,0,1,0
595,0,3,1,44.0,0,0,8.05,0,1,0
596,1,1,1,35.0,0,0,26.55,0,0,0
597,0,3,1,36.0,1,0,15.55,0,1,0
598,0,3,1,30.0,0,0,7.8958,0,1,0
599,1,1,1,27.0,0,0,30.5,0,1,0
600,1,2,0,22.0,1,2,41.5792,0,0,0
601,1,1,0,40.0,0,0,153.4625,0,1,0
602,0,3,0,39.0,1,5,31.275,0,1,0
603,0,3,1,37.889492536320894,0,0,7.05,0,1,0
604,1,3,0,41.278388431857856,1,0,15.5,1,0,0
605,0,3,1,42.52809011146591,0,0,7.75,1,0,0
606,0,3,1,35.0,0,0,8.05,0,1,0
607,1,2,0,24.0,1,2,65.0,0,1,0
608,0,3,1,34.0,1,1,14.4,0,1,0
609,0,3,0,26.0,1,0,16.1,0,1,0
610,1,2,0,4.0,2,1,39.0,0,1,0
611,0,2,1,26.0,0,0,10.5,0,1,0
612,0,3,1,27.0,1,0,14.4542,0,0,0
613,1,1,1,42.0,1,0,52.5542,0,1,0
614,1,3,1,20.0,1,1,15.7417,0,0,0
615,0,3,1,21.0,0,0,7.8542,0,1,0
616,0,3,1,21.0,0,0,16.1,0,1,0
617,0,1,1,61.0,0,0,32.3208,0,1,0
618,0,2,1,57.0,0,0,12.35,1,0,0
619,1,1,0,21.0,0,0,77.9583,0,1,0
620,0,3,1,26.0,0,0,7.8958,0,1,0
621,0,3,1,61.017007323746576,0,0,7.7333,1,0,0
622,0,3,1,51.0,0,0,7.0542,0,1,0
623,1,1,1,32.0,0,0,30.5,0,0,0
624,0,1,1,13.57756886531893,0,0,0.0,0,1,0
625,0,3,0,9.0,3,2,27.9,0,1,0
626,1,2,0,28.0,0,0,13.0,0,1,0
627,0,3,1,32.0,0,0,7.925,0,1,0
628,0,2,1,31.0,1,1,26.25,0,1,0
629,0,3,0,41.0,0,5,39.6875,0,1,0
630,0,3,1,31.125437914823543,1,0,16.1,0,1,0
631,0,3,1,20.0,0,0,7.8542,0,1,0
632,1,1,0,24.0,0,0,69.3,0,0,0
633,0,3,0,2.0,3,2,27.9,0,1,0
634,1,3,0,0.75,2,1,19.2583,0,0,0
635,1,1,1,48.0,1,0,76.7292,0,0,0
636,0,3,1,19.0,0,0,7.8958,0,1,0
637,1,1,1,56.0,0,0,35.5,0,0,0
638,0,3,1,50.84210313303984,0,0,7.55,0,1,0
639,1,3,0,23.0,0,0,7.55,0,1,0
640,0,3,1,15.215359810658647,0,0,7.8958,0,1,0
641,1,2,0,18.0,0,1,23.0,0,1,0
642,0,3,1,21.0,0,0,8.4333,0,1,0
643,1,3,0,19.02093179260896,0,0,7.8292,1,0,0
644,0,3,0,18.0,0,0,6.75,1,0,0
645,0,2,1,24.0,2,0,73.5,0,1,0
646,0,3,1,32.58004830848194,0,0,7.8958,0,1,0
647,0,3,0,32.0,1,1,15.5,1,0,0
648,0,2,1,23.0,0,0,13.0,0,1,0
649,0,1,1,58.0,0,2,113.275,0,0,0
650,1,1,1,50.0,2,0,133.65,0,1,0
651,0,3,1,40.0,0,0,7.225,0,0,0
652,0,1,1,47.0,0,0,25.5875,0,1,0
653,0,3,1,36.0,0,0,7.4958,0,1,0
654,1,3,1,20.0,1,0,7.925,0,1,0
655,0,2,1,32.0,2,0,73.5,0,1,0
656,0,2,1,25.0,0,0,13.0,0,1,0
657,0,3,1,30.97531331827435,0,0,7.775,0,1,0
658,0,3,1,43.0,0,0,8.05,0,1,0
659,1,1,0,47.1285041715449,1,0,52.0,0,1,0
660,1,2,0,40.0,1,1,39.0,0,1,0
661,0,1,1,31.0,1,0,52.0,0,1,0
662,1,2,1,31.0,0,0,13.0,0,1,0
663,0,2,1,12.750668903004058,0,0,0.0,0,1,0
664,0,3,1,18.0,0,0,7.775,0,1,0
665,0,3,1,24.5,0,0,8.05,0,1,0
666,1,3,0,18.0,0,0,9.8417,0,1,0
667,0,3,0,43.0,1,6,46.9,0,1,0
668,1,1,1,36.0,0,1,512.3292,0,0,0
669,0,3,0,29.972496920219704,0,0,8.1375,1,0,0
670,1,1,1,27.0,0,0,76.7292,0,0,0
671,0,3,1,20.0,0,0,9.225,0,1,0
672,0,3,1,14.0,5,2,46.9,0,1,0
673,0,2,1,60.0,1,1,39.0,0,1,0
674,0,2,1,25.0,1,2,41.5792,0,0,0
675,0,3,1,14.0,4,1,39.6875,0,1,0
676,0,3,1,19.0,0,0,10.1708,0,1,0
677,0,3,1,18.0,0,0,7.7958,0,1,0
678,1,1,0,15.0,0,1,211.3375,0,1,0
679,1,1,1,31.0,1,0,57.0,0,1,0
680,1,3,0,4.0,0,1,13.4167,0,0,0
681,1,3,1,0.2271708180113885,0,0,56.4958,0,1,0
682,0,3,1,25.0,0,0,7.225,0,0,0
683,0,1,1,60.0,0,0,26.55,0,1,0
684,0,2,1,52.0,0,0,13.5,0,1,0
685,0,3,1,44.0,0,0,8.05,0,1,0
686,1,3,0,45.75840142449852,0,0,7.7333,1,0,0
687,0,1,1,49.0,1,1,110.8833,0,0,0
688,0,3,1,42.0,0,0,7.65,0,1,0
689,1,1,0,18.0,1,0,227.525,0,0,0
690,1,1,1,35.0,0,0,26.2875,0,1,0
691,0,3,0,18.0,0,1,14.4542,0,0,0
692,0,3,1,25.0,0,0,7.7417,1,0,0
693,0,3,1,26.0,1,0,7.8542,0,1,0
694,0,2,1,39.0,0,0,26.0,0,1,0
695,1,2,0,45.0,0,0,13.5,0,1,0
696,1,1,1,42.0,0,0,26.2875,0,1,0
697,1,1,0,22.0,0,0,151.55,0,1,0
698,1,3,1,15.577815168352055,1,1,15.2458,0,0,0
699,1,1,0,24.0,0,0,49.5042,0,0,0
700,0,1,1,43.04116487252992,0,0,26.55,0,1,0
701,1,1,1,48.0,1,0,52.0,0,1,0
702,0,3,1,29.0,0,0,9.4833,0,1,0
703,0,2,1,52.0,0,0,13.0,0,1,0
704,0,3,1,19.0,0,0,7.65,0,1,0
705,1,1,0,38.0,0,0,227.525,0,0,0
706,1,2,0,27.0,0,0,10.5,0,1,0
707,0,3,1,32.83954991186579,0,0,15.5,1,0,0
708,0,3,1,33.0,0,0,7.775,0,1,0
709,1,2,0,6.0,0,1,33.0,0,1,0
710,0,3,1,17.0,1,0,7.0542,0,1,0
711,0,2,1,34.0,0,0,13.0,0,1,0
712,0,2,1,50.0,0,0,13.0,0,1,0
713,1,1,1,27.0,1,0,53.1,0,1,0
714,0,3,1,20.0,0,0,8.6625,0,1,0
715,1,2,0,30.0,3,0,21.0,0,1,0
716,1,3,0,30.02369416595154,0,0,7.7375,1,0,0
717,0,2,1,25.0,1,0,26.0,0,1,0
718,0,3,0,25.0,1,0,7.925,0,1,0
719,1,1,0,29.0,0,0,211.3375,0,1,0
720,0,3,1,11.0,0,0,18.7875,0,0,0
721,0,2,1,13.027827989344235,0,0,0.0,0,1,0
722,0,2,1,23.0,0,0,13.0,0,1,0
723,0,2,1,23.0,0,0,13.0,0,1,0
724,0,3,1,28.5,0,0,16.1,0,1,0
725,0,3,0,48.0,1,3,34.375,0,1,0
726,1,1,1,35.0,0,0,512.3292,0,0,0
727,0,3,1,28.058560205512897,0,0,7.8958,0,1,0
728,0,3,1,35.18995657105002,0,0,7.8958,0,1,0
729,1,1,1,42.47637465106215,0,0,30.0,0,1,0
730,0,1,1,36.0,1,0,78.85,0,1,0
731,1,1,0,21.0,2,2,262.375,0,0,0
732,0,3,1,24.0,1,0,16.1,0,1,0
733,1,3,1,31.0,0,0,7.925,0,1,0
734,0,3,1,16.0,1,1,20.25,0,1,0
735,1,2,0,30.0,0,0,13.0,0,1,0
736,0,1,1,19.0,1,0,53.1,0,1,0
737,0,3,1,31.0,0,0,7.75,1,0,0
738,1,2,0,4.0,1,1,23.0,0,1,0
739,1,3,1,6.0,0,1,12.475,0,1,0
740,0,3,1,33.0,0,0,9.5,0,1,0
741,0,3,1,23.0,0,0,7.8958,0,1,0
742,1,2,0,48.0,1,2,65.0,0,1,0
743,1,2,1,0.67,1,1,14.5,0,1,0
744,0,3,1,28.0,0,0,7.7958,0,1,0
745,0,2,1,18.0,0,0,11.5,0,1,0
746,0,3,1,34.0,0,0,8.05,0,1,0
747,1,1,0,33.0,0,0,86.5,0,1,0
748,0,3,1,41.38901282546766,0,0,14.5,0,1,0
749,0,3,1,41.0,0,0,7.125,0,1,0
750,1,3,1,20.0,0,0,7.2292,0,0,0
751,1,1,0,36.0,1,2,120.0,0,1,0
752,0,3,1,16.0,0,0,7.775,0,1,0
753,1,1,0,51.0,1,0,77.9583,0,1,0
754,0,1,1,49.6597435176696,0,0,39.6,0,0,0
755,0,3,0,30.5,0,0,7.75,1,0,0
756,0,3,1,30.80858961691752,1,0,24.15,1,0,0
757,0,3,1,32.0,0,0,8.3625,0,1,0
758,0,3,1,24.0,0,0,9.5,0,1,0
759,0,3,1,48.0,0,0,7.8542,0,1,0
760,0,2,0,57.0,0,0,10.5,0,1,0
761,0,3,1,63.60200530374851,0,0,7.225,0,0,0
762,1,2,0,54.0,1,3,23.0,0,1,0
763,0,3,1,18.0,0,0,7.75,0,1,0
764,0,3,1,-0.247521525590721,0,0,7.75,1,0,0
765,1,3,0,5.0,0,0,12.475,0,1,0
766,0,3,1,32.1267169584342,0,0,7.7375,1,0,0
767,1,1,0,43.0,0,1,211.3375,0,1,0
768,1,3,0,13.0,0,0,7.2292,0,0,0
769,1,1,0,17.0,1,0,57.0,0,1,0
770,0,1,1,29.0,0,0,30.0,0,1,0
771,0,3,1,29.04225944815109,1,2,23.45,0,1,0
772,0,3,1,25.0,0,0,7.05,0,1,0
773,0,3,1,25.0,0,0,7.25,0,1,0
774,1,3,0,18.0,0,0,7.4958,0,1,0
775,0,3,1,8.0,4,1,29.125,1,0,0
776,1,3,1,1.0,1,2,20.575,0,1,0
777,0,1,1,46.0,0,0,79.2,0,0,0
778,0,3,1,43.1290469300501,0,0,7.75,1,0,0
779,0,2,1,16.0,0,0,26.0,0,1,0
780,0,3,0,6.778042439846403,8,2,69.55,0,1,0
781,0,1,1,13.568130313008336,0,0,30.6958,0,0,0
782,0,3,1,25.0,0,0,7.8958,0,1,0
783,0,2,1,39.0,0,0,13.0,0,1,0
784,1,1,0,49.0,0,0,25.9292,0,1,0
785,1,3,0,31.0,0,0,8.6833,0,1,0
786,0,3,1,30.0,0,0,7.2292,0,0,0
787,0,3,0,30.0,1,1,24.15,0,1,0
788,0,2,1,34.0,0,0,13.0,0,1,0
789,1,2,0,31.0,1,1,26.25,0,1,0
790,1,1,1,11.0,1,2,120.0,0,1,0
791,1,3,1,0.42,0,1,8.5167,0,0,0
792,1,3,1,27.0,0,0,6.975,0,1,0
793,0,3,1,31.0,0,0,7.775,0,1,0
794,0,1,1,39.0,0,0,0.0,0,1,0
795,0,3,0,18.0,0,0,7.775,0,1,0
796,0,2,1,39.0,0,0,13.0,0,1,0
797,1,1,0,33.0,1,0,53.1,0,1,0
798,0,3,1,26.0,0,0,7.8875,0,1,0
799,0,3,1,39.0,0,0,24.15,0,1,0
800,0,2,1,35.0,0,0,10.5,0,1,0
801,0,3,0,6.0,4,2,31.275,0,1,0
802,0,3,1,30.5,0,0,8.05,0,1,0
803,0,1,1,32.063109000133835,0,0,0.0,0,1,0
804,0,3,0,23.0,0,0,7.925,0,1,0
805,0,2,1,31.0,1,1,37.0042,0,0,0
806,0,3,1,43.0,0,0,6.45,0,1,0
807,0,3,1,10.0,3,2,27.9,0,1,0
808,1,1,0,52.0,1,1,93.5,0,1,0
809,1,3,1,27.0,0,0,8.6625,0,1,0
810,0,1,1,38.0,0,0,0.0,0,1,0
811,1,3,0,27.0,0,1,12.475,0,1,0
812,0,3,1,2.0,4,1,39.6875,0,1,0
813,1,2,1,1.0,0,2,37.0042,0,0,0
814,1,3,1,45.37023810564668,0,0,7.75,1,0,0
815,1,1,0,62.0,0,0,80.0,0,0,1
816,1,3,0,15.0,1,0,14.4542,0,0,0
817,1,2,1,0.83,1,1,18.75,0,1,0
818,0,3,1,12.593101982114224,0,0,7.2292,0,0,0
819,0,3,1,23.0,0,0,7.8542,0,1,0
820,0,3,1,18.0,0,0,8.3,0,1,0
821,1,1,0,39.0,1,1,83.1583,0,0,0
822,0,3,1,21.0,0,0,8.6625,0,1,0
823,0,3,1,22.01840690065773,0,0,8.05,0,1,0
824,1,3,1,32.0,0,0,56.4958,0,1,0
825,1,1,1,28.82068046104916,0,0,29.7,0,0,0
826,0,3,1,20.0,0,0,7.925,0,1,0
827,0,2,1,16.0,0,0,10.5,0,1,0
828,1,1,0,30.0,0,0,31.0,0,0,0
829,0,3,1,34.5,0,0,6.4375,0,0,0
830,0,3,1,17.0,0,0,8.6625,0,1,0
831,0,3,1,42.0,0,0,7.55,0,1,0
832,0,3,1,45.24246016931585,8,2,69.55,0,1,0
833,0,3,1,35.0,0,0,7.8958,0,0,0
834,0,2,1,28.0,0,1,33.0,0,1,0
835,1,1,0,-2.7948053709367624,1,0,89.1042,0,0,0
836,0,3,1,4.0,4,2,31.275,0,1,0
837,0,3,0,9.0,1,1,15.2458,0,0,0
838,1,1,0,16.0,0,1,39.4,0,1,0
839,0,2,0,44.0,1,0,26.0,0,1,0
840,1,3,0,18.0,0,1,9.35,0,1,0
841,1,1,0,45.0,1,1,164.8667,0,1,0
842,1,1,1,51.0,0,0,26.55,0,1,0
843,1,3,0,24.0,0,3,19.2583,0,0,0
844,0,3,1,31.981157627228903,0,0,7.2292,0,0,0
845,0,3,1,41.0,2,0,14.1083,0,1,0
846,0,2,1,21.0,1,0,11.5,0,1,0
847,1,1,0,48.0,0,0,25.9292,0,1,0
848,0,3,0,38.11039816898216,8,2,69.55,0,1,0
849,0,2,1,24.0,0,0,13.0,0,1,0
850,1,2,0,42.0,0,0,13.0,0,1,0
851,1,2,0,27.0,1,0,13.8583,0,0,0
852,0,1,1,31.0,0,0,50.4958,0,1,0
853,0,3,1,15.170823742508592,0,0,9.5,0,1,0
854,1,3,1,4.0,1,1,11.1333,0,1,0
855,0,3,1,26.0,0,0,7.8958,0,1,0
856,1,1,0,47.0,1,1,52.5542,0,1,0
857,0,1,1,33.0,0,0,5.0,0,1,0
858,0,3,1,47.0,0,0,9.0,0,1,0
859,1,2,0,28.0,1,0,24.0,0,0,0
860,1,3,0,15.0,0,0,7.225,0,0,0
861,0,3,1,20.0,0,0,9.8458,0,1,0
862,0,3,1,19.0,0,0,7.8958,0,1,0
863,0,3,1,44.12185457044388,0,0,7.8958,0,1,0
864,1,1,0,56.0,0,1,83.1583,0,0,0
865,1,2,0,25.0,0,1,26.0,0,1,0
866,0,3,1,33.0,0,0,7.8958,0,1,0
867,0,3,0,22.0,0,0,10.5167,0,1,0
868,0,2,1,28.0,0,0,10.5,0,1,0
869,0,3,1,25.0,0,0,7.05,0,1,0
870,0,3,0,39.0,0,5,29.125,1,0,0
871,0,2,1,27.0,0,0,13.0,0,1,0
872,1,1,0,19.0,0,0,30.0,0,1,0
873,0,3,0,20.20579161687896,1,2,23.45,0,1,0
874,1,1,1,26.0,0,0,30.0,0,0,0
875,0,3,1,32.0,0,0,7.75,1,0,0
